<?xml version="1.0" encoding="UTF-8"?>
<!--~~~~~~~~~~~~~~~~~~~~~~~~~~~~~~~~~~~~~~~~~~~~~~~~~~~~~~~~~~~~~~~~~~~~~~~~~~~~~~~~~~~~~~~~~~~~~~~~~~~~~~~~~~~~~~~~~~~
  ~ Copyright (c) 2016. Lorem ipsum dolor sit amet, consectetur adipiscing elit.                                      ~
  ~ Morbi non lorem porttitor neque feugiat blandit. Ut vitae ipsum eget quam lacinia accumsan.                       ~
  ~ Etiam sed turpis ac ipsum condimentum fringilla. Maecenas magna.                                                  ~
  ~ Proin dapibus sapien vel ante. Aliquam erat volutpat. Pellentesque sagittis ligula eget metus.                    ~
  ~ Vestibulum commodo. Ut rhoncus gravida arcu.                                                                      ~
  ~~~~~~~~~~~~~~~~~~~~~~~~~~~~~~~~~~~~~~~~~~~~~~~~~~~~~~~~~~~~~~~~~~~~~~~~~~~~~~~~~~~~~~~~~~~~~~~~~~~~~~~~~~~~~~~~~~~-->
<beans xmlns:xsi="http://www.w3.org/2001/XMLSchema-instance"
       xmlns:dubbo="http://code.alibabatech.com/schema/dubbo"
       xmlns="http://www.springframework.org/schema/beans"
       xsi:schemaLocation="http://www.springframework.org/schema/beans http://www.springframework.org/schema/beans/spring-beans-2.5.xsd
	http://code.alibabatech.com/schema/dubbo http://code.alibabatech.com/schema/dubbo/dubbo.xsd">
   					
	<dubbo:application name="${dubbo.application.name}"/>
	
    <dubbo:registry protocol="zookeeper" address="${dubbo.registry.zkaddress}"/>

    <dubbo:reference id="smsNotifyFacade" interface="com.yyfq.base.notify.facade.NotifyFacade" check="false"
                     version="${dubbo.service.version}" group="${sms.notify.group}"/>
    <!-- <dubbo:reference id="mailNotifyFacade" interface="com.yyfq.base.notify.facade.NotifyFacade" check="false"
                     version="${dubbo.service.version}" group="${mail.notify.group}"/> -->
    <dubbo:service interface="com.yyfq.base.notify.facade.email.EmailFacade" ref="emailFacade" version="${dubbo.service.version}"
                   group="${mail.notify.group}"/>
                   
    <!-- <dubbo:service interface="com.yyfq.base.notify.facade.weixin.WeixinNotifyFacade" ref="weixinNotifyFacade" version="${dubbo.service.version}"
                   group="${weixin.notify.group}"/> -->
           
    <dubbo:reference id="gdSMSStatusFacade" group="${gd.status.group}"
                     interface="com.yyfq.base.notify.facade.status.SMSStatusFacade"
                     check="false" version="${dubbo.service.version}"/>
    <dubbo:reference id="ymSMSStatusFacade" group="${ym.status.group}"
                     interface="com.yyfq.base.notify.facade.status.SMSStatusFacade"
                     check="false" version="${dubbo.service.version}"/>

    <dubbo:reference id="securityCheckFacade" interface="com.yyfq.base.notify.facade.check.SecurityCheckFacade"
                     check="false" version="${dubbo.service.version}"/>
                     
    <dubbo:reference id="weixinNotifyFacade" interface="com.yyfq.base.notify.facade.weixin.WeixinNotifyFacade"
   					check="false" version="1.0"/>
   					
   	<dubbo:reference id="emailFacade" interface="com.yyfq.base.notify.facade.email.EmailFacade"
   					check="false" version="1.0"/>
</beans>