<?xml version="1.0" encoding="UTF-8"?>
<!--~~~~~~~~~~~~~~~~~~~~~~~~~~~~~~~~~~~~~~~~~~~~~~~~~~~~~~~~~~~~~~~~~~~~~~~~~~~~~~~~~~~~~~~~~~~~~~~~~~~~~~~~~~~~~~~~~~~
  ~ Copyright (c) 2016. Lorem ipsum dolor sit amet, consectetur adipiscing elit.                                      ~
  ~ Morbi non lorem porttitor neque feugiat blandit. Ut vitae ipsum eget quam lacinia accumsan.                       ~
  ~ Etiam sed turpis ac ipsum condimentum fringilla. Maecenas magna.                                                  ~
  ~ Proin dapibus sapien vel ante. Aliquam erat volutpat. Pellentesque sagittis ligula eget metus.                    ~
  ~ Vestibulum commodo. Ut rhoncus gravida arcu.                                                                      ~
  ~~~~~~~~~~~~~~~~~~~~~~~~~~~~~~~~~~~~~~~~~~~~~~~~~~~~~~~~~~~~~~~~~~~~~~~~~~~~~~~~~~~~~~~~~~~~~~~~~~~~~~~~~~~~~~~~~~~-->

<beans xmlns="http://www.springframework.org/schema/beans"
       xmlns:xsi="http://www.w3.org/2001/XMLSchema-instance"
       xmlns:context="http://www.springframework.org/schema/context"
       xmlns:aop="http://www.springframework.org/schema/aop"
       xmlns:util="http://www.springframework.org/schema/util"
       xsi:schemaLocation="http://www.springframework.org/schema/beans 
    		http://www.springframework.org/schema/beans/spring-beans.xsd 
    		http://www.springframework.org/schema/context 
    		http://www.springframework.org/schema/context/spring-context.xsd 
    		http://www.springframework.org/schema/aop 
    		http://www.springframework.org/schema/aop/spring-aop.xsd 
    		http://www.springframework.org/schema/util
    		http://www.springframework.org/schema/util/spring-util-3.0.xsd">

	<context:component-scan base-package="com.yyfq">
        <context:exclude-filter type="regex"
                                expression="com.yyfq.base.notify.web.controller"/>
    </context:component-scan>

    <context:annotation-config/>

    <aop:aspectj-autoproxy proxy-target-class="true"/>

    <bean name="common-properties"
          class="org.springframework.beans.factory.config.PropertyPlaceholderConfigurer">
        <property name="systemPropertiesModeName" value="SYSTEM_PROPERTIES_MODE_OVERRIDE"/>
        <property name="order" value="1" />
        <!-- <property name="ignoreResourceNotFound" value="true"/> -->
        <property name="ignoreUnresolvablePlaceholders" value="true" />
        <property name="locations">
            <list>
                <value>classpath:dubbo.properties</value>
                <value>classpath:weixin/weixin.properties</value>
                <!-- <value>classpath:template/**.*</value> -->
            </list>
        </property>
    </bean>
    
    <util:properties id="weixinParam" location="classpath:weixin/weixin.properties"/> 

    <bean id="velocityEngine" class="org.springframework.ui.velocity.VelocityEngineFactoryBean">
        <property name="velocityProperties">
            <props>
                <prop key="resource.loader">class</prop>
                <prop key="class.resource.loader.class">
                    org.apache.velocity.runtime.resource.loader.ClasspathResourceLoader
                </prop>
                <prop key="velocimacro.library"></prop>
            </props>
        </property>
    </bean>


</beans>