<?xml version="1.0" encoding="UTF-8"?>  
    <beans xmlns="http://www.springframework.org/schema/beans"  
        xmlns:xsi="http://www.w3.org/2001/XMLSchema-instance"  
        xmlns:p="http://www.springframework.org/schema/p"  
        xmlns:context="http://www.springframework.org/schema/context"  
        xmlns:aop="http://www.springframework.org/schema/aop"  
        xsi:schemaLocation="  
            http://www.springframework.org/schema/beans  
            http://www.springframework.org/schema/beans/spring-beans-3.0.xsd  
            http://www.springframework.org/schema/context  
            http://www.springframework.org/schema/context/spring-context-3.0.xsd  
            http://www.springframework.org/schema/aop   
            http://www.springframework.org/schema/aop/spring-aop-3.0.xsd">  
          
        <bean id="propertyConfigurer" class="org.springframework.beans.factory.config.PropertyPlaceholderConfigurer">  
            <property name="fileEncoding" value="UTF-8" />   
            <property name="locations">  
                <list>  
                    <value>classpath:email.properties</value>  
                </list>  
            </property>  
        </bean>  
        <bean id="mailSender" class="org.springframework.mail.javamail.JavaMailSenderImpl">
		<property name="host">
			<value>${mail.host}</value>
		</property>
		<property name="defaultEncoding"><value>${mail.encoding}</value></property>
		<property name="javaMailProperties">
			<props>
				<prop key="mail.smtp.auth">${mail.smtp.auth}</prop>
				<prop key="mail.smtp.timeout">${mail.smtp.timeout}</prop>
				<!-- <prop key="mail.smtp.starttls.enable">true</prop>
				<prop key="mail.smtp.socketFactory.fallback">false</prop>
                <prop key="mail.smtp.socketFactory.class">javax.net.ssl.SSLSocketFactory</prop> -->
			</props>
		</property>
		<property name="username">
			<value>${mail.username}</value>
		</property>
		<property name="password">
			<value>${mail.password}</value>
		</property>
		<property name="port" value="${mail.port}"></property>
	</bean>
	
     <bean id="simpleMailMessage" class="org.springframework.mail.SimpleMailMessage" scope="prototype">  
	    <property name="from">
	        <value>${default.from.mail}</value>
	    </property>
    </bean>
</beans>