<?xml version="1.0" encoding="UTF-8"?>
<!--~~~~~~~~~~~~~~~~~~~~~~~~~~~~~~~~~~~~~~~~~~~~~~~~~~~~~~~~~~~~~~~~~~~~~~~~~~~~~~~~~~~~~~~~~~~~~~~~~~~~~~~~~~~~~~~~~~~
  ~ Copyright (c) 2016. Lorem ipsum dolor sit amet, consectetur adipiscing elit.                                      ~
  ~ Morbi non lorem porttitor neque feugiat blandit. Ut vitae ipsum eget quam lacinia accumsan.                       ~
  ~ Etiam sed turpis ac ipsum condimentum fringilla. Maecenas magna.                                                  ~
  ~ Proin dapibus sapien vel ante. Aliquam erat volutpat. Pellentesque sagittis ligula eget metus.                    ~
  ~ Vestibulum commodo. Ut rhoncus gravida arcu.                                                                      ~
  ~~~~~~~~~~~~~~~~~~~~~~~~~~~~~~~~~~~~~~~~~~~~~~~~~~~~~~~~~~~~~~~~~~~~~~~~~~~~~~~~~~~~~~~~~~~~~~~~~~~~~~~~~~~~~~~~~~~-->

<beans xmlns:xsi="http://www.w3.org/2001/XMLSchema-instance"
       xmlns:dubbo="http://code.alibabatech.com/schema/dubbo"
       xmlns="http://www.springframework.org/schema/beans"
       xsi:schemaLocation="http://www.springframework.org/schema/beans http://www.springframework.org/schema/beans/spring-beans-4.1.xsd
	http://code.alibabatech.com/schema/dubbo http://code.alibabatech.com/schema/dubbo/dubbo.xsd">

    <dubbo:application name="${dubbo.application.name}"/>
    <dubbo:provider delay="-1" timeout="${dubbo.provider.timeout}" retries="0"/>

    <dubbo:registry protocol="zookeeper" address="${dubbo.registry.zkaddress}"/>

    <dubbo:protocol name="dubbo" port="${dubbo.protocol.port}"/>

    <dubbo:service interface="com.yyfq.base.notify.facade.NotifyFacade" ref="smsNotifyFacade" version="${dubbo.service.version}"
                   group="${sms.notify.group}"/>
                   
    <dubbo:service interface="com.yyfq.base.notify.facade.email.EmailFacade" ref="emailFacade" version="${dubbo.service.version}"
                   group="${mail.notify.group}"/>
                   
    <dubbo:service interface="com.yyfq.base.notify.facade.BaseInfoFacade" ref="baseInfoFacade" version="${dubbo.service.version}"
                   group="${cateinfo.group}"/>
                   
    <!-- <dubbo:service interface="com.yyfq.base.notify.facade.weixin.WeixinNotifyFacade" ref="weixinNotifyFacade" version="${dubbo.service.version}"
                   group="${weixin.notify.group}"/> -->
           
    <dubbo:service interface="com.yyfq.base.notify.facade.status.SMSStatusFacade" ref="gdSMSStatusFacade"
                   group="${gd.status.group}"
                   version="${dubbo.service.version}"/>
    <dubbo:service interface="com.yyfq.base.notify.facade.status.SMSStatusFacade" ref="ymSMSStatusFacade"
                   group="${ym.status.group}"
                   version="${dubbo.service.version}"/>

    <dubbo:service interface="com.yyfq.base.notify.facade.check.SecurityCheckFacade" ref="securityCheckFacade"
                   version="${dubbo.service.version}"/>
</beans>