<?xml version="1.0" encoding="UTF-8"?>
<!--~~~~~~~~~~~~~~~~~~~~~~~~~~~~~~~~~~~~~~~~~~~~~~~~~~~~~~~~~~~~~~~~~~~~~~~~~~~~~~~~~~~~~~~~~~~~~~~~~~~~~~~~~~~~~~~~~~~
  ~ Copyright (c) 2016. Lorem ipsum dolor sit amet, consectetur adipiscing elit.                                      ~
  ~ Morbi non lorem porttitor neque feugiat blandit. Ut vitae ipsum eget quam lacinia accumsan.                       ~
  ~ Etiam sed turpis ac ipsum condimentum fringilla. Maecenas magna.                                                  ~
  ~ Proin dapibus sapien vel ante. Aliquam erat volutpat. Pellentesque sagittis ligula eget metus.                    ~
  ~ Vestibulum commodo. Ut rhoncus gravida arcu.                                                                      ~
  ~~~~~~~~~~~~~~~~~~~~~~~~~~~~~~~~~~~~~~~~~~~~~~~~~~~~~~~~~~~~~~~~~~~~~~~~~~~~~~~~~~~~~~~~~~~~~~~~~~~~~~~~~~~~~~~~~~~-->

<beans xmlns="http://www.springframework.org/schema/beans"
       xmlns:xsi="http://www.w3.org/2001/XMLSchema-instance"
       xsi:schemaLocation="http://www.springframework.org/schema/beans http://www.springframework.org/schema/beans/spring-beans.xsd">

    <bean id="jedisPoolConfig" class="redis.clients.jedis.JedisPoolConfig">
        <property name="maxWaitMillis" value="${redis.maxWaitMillis}"></property>
        <property name="numTestsPerEvictionRun" value="${redis.numTestsPerEvictionRun}"></property>
        <property name="blockWhenExhausted" value="${redis.whenExhaustedAction}"></property>
        <property name="maxTotal" value="${redis.maxTotal}"/>
        <property name="maxIdle" value="${redis.maxIdle}"/>
        <property name="timeBetweenEvictionRunsMillis" value="${redis.timeBetweenEvictionRunsMillis}"/>
        <property name="minEvictableIdleTimeMillis" value="${redis.minEvictableIdleTimeMillis}"/>
        <property name="testOnBorrow" value="${redis.testOnBorrow}"/>
        <property name="testOnReturn" value="${redis.testOnReturn}"/>
        <property name="minIdle" value="${redis.minIdle}"/>
        <property name="testWhileIdle" value="${redis.testWhileIdle}"/>
    </bean>

    <bean id="jedis.shardInfo" class="redis.clients.jedis.JedisShardInfo">
        <constructor-arg name="host" value="${redis.shard.host}"/>
        <property name="password" value="${redis.password}"/>
        <property name="soTimeout" value="${redis.timeout}"/>
        <property name="connectionTimeout" value="${redis.timeout}"/>
    </bean>

    <bean id="shardedJedisPool" class="redis.clients.jedis.ShardedJedisPool">
        <constructor-arg index="0" ref="jedisPoolConfig"/>
        <constructor-arg index="1">
            <list>
                <ref bean="jedis.shardInfo"/>
            </list>
        </constructor-arg>
    </bean>

    <bean name="shardedJedisOperator" class="com.yyfq.base.notify.common.ShardedJedisOperator"/>

</beans>