<?xml version="1.0" encoding="UTF-8"?>
<!--~~~~~~~~~~~~~~~~~~~~~~~~~~~~~~~~~~~~~~~~~~~~~~~~~~~~~~~~~~~~~~~~~~~~~~~~~~~~~~~~~~~~~~~~~~~~~~~~~~~~~~~~~~~~~~~~~~~
  ~ Copyright (c) 2016. Lorem ipsum dolor sit amet, consectetur adipiscing elit.                                      ~
  ~ Morbi non lorem porttitor neque feugiat blandit. Ut vitae ipsum eget quam lacinia accumsan.                       ~
  ~ Etiam sed turpis ac ipsum condimentum fringilla. Maecenas magna.                                                  ~
  ~ Proin dapibus sapien vel ante. Aliquam erat volutpat. Pellentesque sagittis ligula eget metus.                    ~
  ~ Vestibulum commodo. Ut rhoncus gravida arcu.                                                                      ~
  ~~~~~~~~~~~~~~~~~~~~~~~~~~~~~~~~~~~~~~~~~~~~~~~~~~~~~~~~~~~~~~~~~~~~~~~~~~~~~~~~~~~~~~~~~~~~~~~~~~~~~~~~~~~~~~~~~~~-->

<beans xmlns="http://www.springframework.org/schema/beans"
       xmlns:mvc="http://www.springframework.org/schema/mvc" xmlns:xsi="http://www.w3.org/2001/XMLSchema-instance"
       xmlns:p="http://www.springframework.org/schema/p" xmlns:context="http://www.springframework.org/schema/context"
       xmlns:aop="http://www.springframework.org/schema/aop"
       xsi:schemaLocation="http://www.springframework.org/schema/beans
http://www.springframework.org/schema/beans/spring-beans-4.1.xsd
http://www.springframework.org/schema/context
http://www.springframework.org/schema/context/spring-context-4.1.xsd
http://www.springframework.org/schema/mvc
http://www.springframework.org/schema/mvc/spring-mvc-4.1.xsd http://www.springframework.org/schema/aop http://www.springframework.org/schema/aop/spring-aop.xsd">

    <mvc:annotation-driven/>

    <!-- 自动扫描controller包下的所有类，使其认为spring mvc的控制器 -->
    <context:component-scan base-package="com.yyfq.base.wei.controller"/>

    <!-- 避免IE执行AJAX时,返回JSON出现下载文件,jackson -->
    <bean id="mappingJackson2HttpMessageConverter"
          class="org.springframework.http.converter.json.MappingJackson2HttpMessageConverter">
        <property name="supportedMediaTypes">
            <list>
                <value>text/html;charset=UTF-8</value>
            </list>
        </property>
    </bean>

    <!-- 启动Spring MVC的注解功能，完成请求和注解POJO的映射 -->
    <bean
            class="org.springframework.web.servlet.mvc.annotation.AnnotationMethodHandlerAdapter">
        <property name="messageConverters">
            <list>
                <ref bean="mappingJackson2HttpMessageConverter"/>
                <!-- json转换器 -->
            </list>
        </property>
    </bean>

    <!-- 对模型视图名称的解析，即在模型视图名称添加前后缀 -->
    <bean
            class="org.springframework.web.servlet.view.InternalResourceViewResolver"
            p:prefix="/" p:suffix=".jsp"/>

    <bean id="multipartResolver"
          class="org.springframework.web.multipart.commons.CommonsMultipartResolver">
        <property name="defaultEncoding">
            <value>UTF-8</value>
        </property>
        <property name="maxUploadSize">
            <value>32505856</value><!-- 上传文件大小限制为31M，31*1024*1024 -->
        </property>
        <property name="maxInMemorySize">
            <value>4096</value>
        </property>
    </bean>

    <!-- 国际化配置 -->
    <bean id="messageSource"
          class="org.springframework.context.support.ResourceBundleMessageSource">
        <property name="useCodeAsDefaultMessage" value="true"/>
    </bean>

    <aop:config>
        <aop:aspect id="execTimeRepoAspectId" ref="execTimeRepoAspect">
            <aop:pointcut id="execTimeRepoPointcut"
                          expression="(execution( * com.yyfq..*.*(..))) and !(execution( * com.yyfq..dao..*.*(..)))"/>
            <aop:around method="around" pointcut-ref="execTimeRepoPointcut"/>
        </aop:aspect>
        <aop:aspect id="exceptionAspectId" ref="exceptionAspect">
            <aop:pointcut id="exceptionPointcut"
                          expression="(execution( * com.yyfq..*.*(..))) and !(execution( * com.yyfq..dao..*.*(..)))"/>
            <aop:after-throwing method="afterThrowing" pointcut-ref="exceptionPointcut" throwing="e"/>
        </aop:aspect>
    </aop:config>

</beans>