<?xml version="1.0" encoding="UTF-8"?>
<!DOCTYPE mapper PUBLIC "-//mybatis.org//DTD Mapper 3.0//EN" "http://mybatis.org/dtd/mybatis-3-mapper.dtd" >
<mapper namespace="com.yyfq.base.notify.dao.cateinfo.CateInfoMapper">
	<resultMap type="com.yyfq.base.notify.dao.entity.cateinfo.CateInfo" id="cateInfoMap">
		<result property="id" column="id" jdbcType="BIGINT"/>
		<result property="cateCode" column="cateCode"  jdbcType="VARCHAR"/>
		<result property="name" column="name" jdbcType="VARCHAR"/>
		<result property="code" column="code" jdbcType="VARCHAR"/>
	</resultMap>
	
	<sql id="all_column">
		 id,cateCode,name,code
	</sql> 
	
	<select id="queryCateInfoList" parameterType="com.yyfq.base.notify.dao.entity.cateinfo.CateInfo" resultMap="cateInfoMap">
		select
        	<include refid="all_column"/>
        from t_base_cate_info where 1=1
	        <if test=" cateCode != null and cateCode != '' ">
	        	
	        	and cateCode = #{cateCode}
	        </if>
	        <if test=" code != null and code != '' ">
	        	and code = #{code} 
	        </if>
	        <if test=" name != null and name != '' ">
	        	and name like CONCAT('%', #{name}, '%')
	        </if>
	</select>
	
</mapper>