<?xml version="1.0" encoding="UTF-8"?>
<!DOCTYPE mapper PUBLIC "-//mybatis.org//DTD Mapper 3.0//EN" "http://mybatis.org/dtd/mybatis-3-mapper.dtd" >
<mapper namespace="com.yyfq.base.notify.dao.MailSend.EmailSendMapper">
	<resultMap type="com.yyfq.base.notify.dao.entity.MailSend.TEmailSend" id="emailMap">
		<result property="id" column="id" jdbcType="BIGINT"/>
		<result property="mailTitle" column="mail_title"  jdbcType="VARCHAR"/>
		<result property="content" column="content" jdbcType="VARCHAR"/>
		<result property="mailPath" column="mail_path" jdbcType="VARCHAR"/>
		<result property="toEmail" column="to_email" jdbcType="VARCHAR"/>
		<result property="fromEmail" column="from_email" jdbcType="VARCHAR"/>
		<result property="recerveName" column="recerve_name" jdbcType="VARCHAR"/>
		<result property="submitBussName" column="submit_buss_name" jdbcType="VARCHAR"/>
		<result property="submitBussTime" column="submit_buss_time" jdbcType="TIMESTAMP"/>
		<result property="sendTime" column="send_time" jdbcType="TIMESTAMP"/>
		<result property="updateTime" column="update_time" jdbcType="TIMESTAMP"/>
		<result property="status" column="status" jdbcType="INTEGER"/>
		<result property="sendType" column="send_type"  jdbcType="INTEGER"/>
		<result property="sendErrMsg" column="send_err_msg" jdbcType="VARCHAR"/>
	</resultMap>
	
	<sql id="weixinUserInfo">
		 id,mail_title,content,mail_path,to_email,from_email,recerve_name,submit_buss_name,
		 submit_buss_time,send_time,update_time,status,send_type,send_err_msg
	</sql> 
	
	<!-- 插入邮件发送记录 -->
	<insert id="insert" parameterType="com.yyfq.base.notify.dao.entity.MailSend.TEmailSend">
		insert into t_email_send(mail_title,content,to_email,from_email,
								submit_buss_name,submit_buss_time,send_time,send_type,status,send_err_msg) 
		values(#{mailTitle},#{content},#{toEmail},#{fromEmail},
				#{submitBussName},#{submitBussTime},#{sendTime},#{sendType},#{status},#{sendErrMsg})
		<selectKey resultType="Long" keyProperty="id" order="AFTER">
			SELECT LAST_INSERT_ID() AS id
		</selectKey>
	</insert>
	
	<!-- 更新邮件发送状态-->
	<update id="updateEmailStatus">
		update t_email_send set status=#{status},send_err_msg=#{msg},update_time=#{updateTime}
			where id = #{id}
	</update>
	
	
	
</mapper>