<?xml version="1.0" encoding="UTF-8" ?>
<!DOCTYPE mapper PUBLIC "-//mybatis.org//DTD Mapper 3.0//EN" "http://mybatis.org/dtd/mybatis-3-mapper.dtd" >
<mapper namespace="com.yyfq.base.notify.dao.MailSend.MailSendMapper">
    <resultMap id="BaseResultMap" type="com.yyfq.base.notify.dao.entity.MailSend.TMailSend">
        <!--
          WARNING - @mbggenerated
          This element is automatically generated by MyBatis Generator, do not modify.
        -->
        <constructor>
            <idArg column="ID" jdbcType="BIGINT" javaType="java.lang.Long"/>
            <arg column="MAIL_SUB" jdbcType="VARCHAR" javaType="java.lang.String"/>
            <arg column="MAIL_CONTENT" jdbcType="VARCHAR" javaType="java.lang.String"/>
            <arg column="MAIL_ATTACHMENT_PATH" jdbcType="VARCHAR" javaType="java.lang.String"/>
            <arg column="MAIL_TO" jdbcType="VARCHAR" javaType="java.lang.String"/>
            <arg column="MAIL_FROM" jdbcType="VARCHAR" javaType="java.lang.String"/>
            <arg column="MAIL_SEND_TIME" jdbcType="TIMESTAMP" javaType="java.util.Date"/>
            <arg column="MAIL_SEND_STATUS" jdbcType="BIT" javaType="java.lang.Boolean"/>
            <arg column="TIMED_ID" jdbcType="BIGINT" javaType="java.lang.Long"/>
            <arg column="SUBMIT_BUSS_DEPARTMENT" jdbcType="VARCHAR" javaType="java.lang.String"/>
            <arg column="SUBMIT_BUSS_UID" jdbcType="VARCHAR" javaType="java.lang.String"/>
            <arg column="MAIL_TYPE" jdbcType="INTEGER" javaType="java.lang.Integer"/>
            <arg column="MAIL_SOURCE" jdbcType="VARCHAR" javaType="java.lang.String"/>
        </constructor>
    </resultMap>
    <sql id="Base_Column_List">
        <!--
          WARNING - @mbggenerated
          This element is automatically generated by MyBatis Generator, do not modify.
        -->
        ID, MAIL_SUB, MAIL_CONTENT, MAIL_ATTACHMENT_PATH, MAIL_TO, MAIL_FROM, MAIL_SEND_TIME,
        MAIL_SEND_STATUS, TIMED_ID, SUBMIT_BUSS_DEPARTMENT, SUBMIT_BUSS_UID, MAIL_TYPE, MAIL_SOURCE
    </sql>
    <select id="selectByPrimaryKey" resultMap="BaseResultMap" parameterType="java.lang.Long">
        <!--
          WARNING - @mbggenerated
          This element is automatically generated by MyBatis Generator, do not modify.
        -->
        select
        <include refid="Base_Column_List"/>
        from t_mail_send
        where ID = #{id,jdbcType=BIGINT}
    </select>
    <delete id="deleteByPrimaryKey" parameterType="java.lang.Long">
        <!--
          WARNING - @mbggenerated
          This element is automatically generated by MyBatis Generator, do not modify.
        -->
        delete from t_mail_send
        where ID = #{id,jdbcType=BIGINT}
    </delete>
    <insert id="insert" parameterType="com.yyfq.base.notify.dao.entity.MailSend.TMailSend">
        <!--
          WARNING - @mbggenerated
          This element is automatically generated by MyBatis Generator, do not modify.
        -->
        insert into t_mail_send (ID, MAIL_SUB, MAIL_CONTENT,
        MAIL_ATTACHMENT_PATH, MAIL_TO, MAIL_FROM,
        MAIL_SEND_TIME, MAIL_SEND_STATUS, TIMED_ID,
        SUBMIT_BUSS_DEPARTMENT, SUBMIT_BUSS_UID, MAIL_TYPE,
        MAIL_SOURCE)
        values (#{id,jdbcType=BIGINT}, #{mailSub,jdbcType=VARCHAR}, #{mailContent,jdbcType=VARCHAR},
        #{mailAttachmentPath,jdbcType=VARCHAR}, #{mailTo,jdbcType=VARCHAR}, #{mailFrom,jdbcType=VARCHAR},
        #{mailSendTime,jdbcType=TIMESTAMP}, #{mailSendStatus,jdbcType=BIT}, #{timedId,jdbcType=BIGINT},
        #{submitBussDepartment,jdbcType=VARCHAR}, #{submitBussUid,jdbcType=VARCHAR}, #{mailType,jdbcType=INTEGER},
        #{mailSource,jdbcType=VARCHAR})
    </insert>
    <insert id="insertSelective" parameterType="com.yyfq.base.notify.dao.entity.MailSend.TMailSend">
        <!--
          WARNING - @mbggenerated
          This element is automatically generated by MyBatis Generator, do not modify.
        -->

        <selectKey keyProperty="id" resultType="long">
            select LAST_INSERT_ID()
        </selectKey>

        insert into t_mail_send
        <trim prefix="(" suffix=")" suffixOverrides=",">
            <if test="id != null">
                ID,
            </if>
            <if test="mailSub != null">
                MAIL_SUB,
            </if>
            <if test="mailContent != null">
                MAIL_CONTENT,
            </if>
            <if test="mailAttachmentPath != null">
                MAIL_ATTACHMENT_PATH,
            </if>
            <if test="mailTo != null">
                MAIL_TO,
            </if>
            <if test="mailFrom != null">
                MAIL_FROM,
            </if>
            <if test="mailSendTime != null">
                MAIL_SEND_TIME,
            </if>
            <if test="mailSendStatus != null">
                MAIL_SEND_STATUS,
            </if>
            <if test="timedId != null">
                TIMED_ID,
            </if>
            <if test="submitBussDepartment != null">
                SUBMIT_BUSS_DEPARTMENT,
            </if>
            <if test="submitBussUid != null">
                SUBMIT_BUSS_UID,
            </if>
            <if test="mailType != null">
                MAIL_TYPE,
            </if>
            <if test="mailSource != null">
                MAIL_SOURCE,
            </if>
        </trim>
        <trim prefix="values (" suffix=")" suffixOverrides=",">
            <if test="id != null">
                #{id,jdbcType=BIGINT},
            </if>
            <if test="mailSub != null">
                #{mailSub,jdbcType=VARCHAR},
            </if>
            <if test="mailContent != null">
                #{mailContent,jdbcType=VARCHAR},
            </if>
            <if test="mailAttachmentPath != null">
                #{mailAttachmentPath,jdbcType=VARCHAR},
            </if>
            <if test="mailTo != null">
                #{mailTo,jdbcType=VARCHAR},
            </if>
            <if test="mailFrom != null">
                #{mailFrom,jdbcType=VARCHAR},
            </if>
            <if test="mailSendTime != null">
                #{mailSendTime,jdbcType=TIMESTAMP},
            </if>
            <if test="mailSendStatus != null">
                #{mailSendStatus,jdbcType=BIT},
            </if>
            <if test="timedId != null">
                #{timedId,jdbcType=BIGINT},
            </if>
            <if test="submitBussDepartment != null">
                #{submitBussDepartment,jdbcType=VARCHAR},
            </if>
            <if test="submitBussUid != null">
                #{submitBussUid,jdbcType=VARCHAR},
            </if>
            <if test="mailType != null">
                #{mailType,jdbcType=INTEGER},
            </if>
            <if test="mailSource != null">
                #{mailSource,jdbcType=VARCHAR},
            </if>
        </trim>
    </insert>
    <update id="updateByPrimaryKeySelective" parameterType="com.yyfq.base.notify.dao.entity.MailSend.TMailSend">
        <!--
          WARNING - @mbggenerated
          This element is automatically generated by MyBatis Generator, do not modify.
        -->
        update t_mail_send
        <set>
            <if test="mailSub != null">
                MAIL_SUB = #{mailSub,jdbcType=VARCHAR},
            </if>
            <if test="mailContent != null">
                MAIL_CONTENT = #{mailContent,jdbcType=VARCHAR},
            </if>
            <if test="mailAttachmentPath != null">
                MAIL_ATTACHMENT_PATH = #{mailAttachmentPath,jdbcType=VARCHAR},
            </if>
            <if test="mailTo != null">
                MAIL_TO = #{mailTo,jdbcType=VARCHAR},
            </if>
            <if test="mailFrom != null">
                MAIL_FROM = #{mailFrom,jdbcType=VARCHAR},
            </if>
            <if test="mailSendTime != null">
                MAIL_SEND_TIME = #{mailSendTime,jdbcType=TIMESTAMP},
            </if>
            <if test="mailSendStatus != null">
                MAIL_SEND_STATUS = #{mailSendStatus,jdbcType=BIT},
            </if>
            <if test="timedId != null">
                TIMED_ID = #{timedId,jdbcType=BIGINT},
            </if>
            <if test="submitBussDepartment != null">
                SUBMIT_BUSS_DEPARTMENT = #{submitBussDepartment,jdbcType=VARCHAR},
            </if>
            <if test="submitBussUid != null">
                SUBMIT_BUSS_UID = #{submitBussUid,jdbcType=VARCHAR},
            </if>
            <if test="mailType != null">
                MAIL_TYPE = #{mailType,jdbcType=INTEGER},
            </if>
            <if test="mailSource != null">
                MAIL_SOURCE = #{mailSource,jdbcType=VARCHAR},
            </if>
        </set>
        where ID = #{id,jdbcType=BIGINT}
    </update>
    <update id="updateByPrimaryKey" parameterType="com.yyfq.base.notify.dao.entity.MailSend.TMailSend">
        <!--
          WARNING - @mbggenerated
          This element is automatically generated by MyBatis Generator, do not modify.
        -->
        update t_mail_send
        set MAIL_SUB = #{mailSub,jdbcType=VARCHAR},
        MAIL_CONTENT = #{mailContent,jdbcType=VARCHAR},
        MAIL_ATTACHMENT_PATH = #{mailAttachmentPath,jdbcType=VARCHAR},
        MAIL_TO = #{mailTo,jdbcType=VARCHAR},
        MAIL_FROM = #{mailFrom,jdbcType=VARCHAR},
        MAIL_SEND_TIME = #{mailSendTime,jdbcType=TIMESTAMP},
        MAIL_SEND_STATUS = #{mailSendStatus,jdbcType=BIT},
        TIMED_ID = #{timedId,jdbcType=BIGINT},
        SUBMIT_BUSS_DEPARTMENT = #{submitBussDepartment,jdbcType=VARCHAR},
        SUBMIT_BUSS_UID = #{submitBussUid,jdbcType=VARCHAR},
        MAIL_TYPE = #{mailType,jdbcType=INTEGER},
        MAIL_SOURCE = #{mailSource,jdbcType=VARCHAR}
        where ID = #{id,jdbcType=BIGINT}
    </update>
</mapper>