<?xml version="1.0" encoding="UTF-8" ?>
<!--~~~~~~~~~~~~~~~~~~~~~~~~~~~~~~~~~~~~~~~~~~~~~~~~~~~~~~~~~~~~~~~~~~~~~~~~~~~~~~~~~~~~~~~~~~~~~~~~~~~~~~~~~~~~~~~~~~~
  ~ Copyright (c) 2016. Lorem ipsum dolor sit amet, consectetur adipiscing elit.                                      ~
  ~ Morbi non lorem porttitor neque feugiat blandit. Ut vitae ipsum eget quam lacinia accumsan.                       ~
  ~ Etiam sed turpis ac ipsum condimentum fringilla. Maecenas magna.                                                  ~
  ~ Proin dapibus sapien vel ante. Aliquam erat volutpat. Pellentesque sagittis ligula eget metus.                    ~
  ~ Vestibulum commodo. Ut rhoncus gravida arcu.                                                                      ~
  ~~~~~~~~~~~~~~~~~~~~~~~~~~~~~~~~~~~~~~~~~~~~~~~~~~~~~~~~~~~~~~~~~~~~~~~~~~~~~~~~~~~~~~~~~~~~~~~~~~~~~~~~~~~~~~~~~~~-->

<!DOCTYPE mapper PUBLIC "-//mybatis.org//DTD Mapper 3.0//EN" "http://mybatis.org/dtd/mybatis-3-mapper.dtd" >
<mapper namespace="com.yyfq.base.notify.dao.SmsSend.SmsSendMapper">
    <resultMap id="BaseResultMap" type="com.yyfq.base.notify.dao.entity.SmsSend.TSmsSend">
        <!--
          WARNING - @mbggenerated
          This element is automatically generated by MyBatis Generator, do not modify.
        -->
        <constructor>
            <idArg column="ID" jdbcType="BIGINT" javaType="java.lang.Long"/>
            <arg column="SUBMIT_BUSS_DEPARTMENT" jdbcType="VARCHAR" javaType="java.lang.String"/>
            <arg column="SUBMIT_BUSS_UID" jdbcType="VARCHAR" javaType="java.lang.String"/>
            <arg column="SUBMIT_BUSS_TIME" jdbcType="TIMESTAMP" javaType="java.util.Date"/>
            <arg column="SMS_CHANNEL_CODE" jdbcType="CHAR" javaType="java.lang.String"/>
            <arg column="SMS_CONTENT" jdbcType="VARCHAR" javaType="java.lang.String"/>
            <arg column="SMS_SEND_TIME" jdbcType="TIMESTAMP" javaType="java.util.Date"/>
            <arg column="RECEIVE_MOBILE" jdbcType="CHAR" javaType="java.lang.String"/>
            <arg column="TIMED_ID" jdbcType="BIGINT" javaType="java.lang.Long"/>
            <arg column="SMS_TYPE" jdbcType="INTEGER" javaType="java.lang.Integer"/>
            <arg column="SMS_SOURCE" jdbcType="VARCHAR" javaType="java.lang.String"/>
            <arg column="CHANNEL_SUBMIT_STATUS" jdbcType="VARCHAR" javaType="java.lang.String"/>
            <arg column="CHANNEL_SUBMIT_DESC" jdbcType="VARCHAR" javaType="java.lang.String"/>
            <arg column="CHANNEL_RECEIVE_TIME" jdbcType="TIMESTAMP" javaType="java.util.Date"/>
            <arg column="CHANNEL_RECEIVE_STATUS" jdbcType="VARCHAR" javaType="java.lang.String"/>
            <arg column="SMS_ID" jdbcType="VARCHAR" javaType="java.lang.String"/>
            <arg column="NOTIFY_SYS_UUID" jdbcType="VARCHAR" javaType="java.lang.String"/>
        </constructor>
    </resultMap>
    <sql id="Base_Column_List">
        <!--
          WARNING - @mbggenerated
          This element is automatically generated by MyBatis Generator, do not modify.
        -->
        ID, SUBMIT_BUSS_DEPARTMENT, SUBMIT_BUSS_UID, SUBMIT_BUSS_TIME, SMS_CHANNEL_CODE,
        SMS_CONTENT, SMS_SEND_TIME, RECEIVE_MOBILE, TIMED_ID, SMS_TYPE, SMS_SOURCE, CHANNEL_SUBMIT_STATUS,
        CHANNEL_SUBMIT_DESC, CHANNEL_RECEIVE_TIME, CHANNEL_RECEIVE_STATUS, SMS_ID, NOTIFY_SYS_UUID
    </sql>
    <select id="selectByPrimaryKey" resultMap="BaseResultMap" parameterType="java.lang.Long">
        <!--
          WARNING - @mbggenerated
          This element is automatically generated by MyBatis Generator, do not modify.
        -->
        select
        <include refid="Base_Column_List"/>
        from t_sms_send
        where ID = #{id,jdbcType=BIGINT}
    </select>
    <delete id="deleteByPrimaryKey" parameterType="java.lang.Long">
        <!--
          WARNING - @mbggenerated
          This element is automatically generated by MyBatis Generator, do not modify.
        -->
        delete from t_sms_send
        where ID = #{id,jdbcType=BIGINT}
    </delete>
    <insert id="insert" parameterType="com.yyfq.base.notify.dao.entity.SmsSend.TSmsSend">
        <!--
          WARNING - @mbggenerated
          This element is automatically generated by MyBatis Generator, do not modify.
        -->
        insert into t_sms_send (ID, SUBMIT_BUSS_DEPARTMENT, SUBMIT_BUSS_UID,
        SUBMIT_BUSS_TIME, SMS_CHANNEL_CODE, SMS_CONTENT,
        SMS_SEND_TIME, RECEIVE_MOBILE, TIMED_ID,
        SMS_TYPE, SMS_SOURCE, CHANNEL_SUBMIT_STATUS,
        CHANNEL_SUBMIT_DESC, CHANNEL_RECEIVE_TIME,
        CHANNEL_RECEIVE_STATUS, SMS_ID, NOTIFY_SYS_UUID
        )
        values (#{id,jdbcType=BIGINT}, #{submitBussDepartment,jdbcType=VARCHAR}, #{submitBussUid,jdbcType=VARCHAR},
        #{submitBussTime,jdbcType=TIMESTAMP}, #{smsChannelCode,jdbcType=CHAR}, #{smsContent,jdbcType=VARCHAR},
        #{smsSendTime,jdbcType=TIMESTAMP}, #{receiveMobile,jdbcType=CHAR}, #{timedId,jdbcType=BIGINT},
        #{smsType,jdbcType=INTEGER}, #{smsSource,jdbcType=VARCHAR}, #{channelSubmitStatus,jdbcType=VARCHAR},
        #{channelSubmitDesc,jdbcType=VARCHAR}, #{channelReceiveTime,jdbcType=TIMESTAMP},
        #{channelReceiveStatus,jdbcType=VARCHAR}, #{smsId,jdbcType=VARCHAR}, #{notifySysUuid,jdbcType=VARCHAR}
        )
    </insert>
    <insert id="insertSelective" parameterType="com.yyfq.base.notify.dao.entity.SmsSend.TSmsSend">
        <!--
          WARNING - @mbggenerated
          This element is automatically generated by MyBatis Generator, do not modify.
        -->

        <selectKey keyProperty="id" resultType="long">
            select LAST_INSERT_ID()
        </selectKey>

        insert into t_sms_send
        <trim prefix="(" suffix=")" suffixOverrides=",">
            <if test="id != null">
                ID,
            </if>
            <if test="submitBussDepartment != null">
                SUBMIT_BUSS_DEPARTMENT,
            </if>
            <if test="submitBussUid != null">
                SUBMIT_BUSS_UID,
            </if>
            <if test="submitBussTime != null">
                SUBMIT_BUSS_TIME,
            </if>
            <if test="smsChannelCode != null">
                SMS_CHANNEL_CODE,
            </if>
            <if test="smsContent != null">
                SMS_CONTENT,
            </if>
            <if test="smsSendTime != null">
                SMS_SEND_TIME,
            </if>
            <if test="receiveMobile != null">
                RECEIVE_MOBILE,
            </if>
            <if test="timedId != null">
                TIMED_ID,
            </if>
            <if test="smsType != null">
                SMS_TYPE,
            </if>
            <if test="smsSource != null">
                SMS_SOURCE,
            </if>
            <if test="channelSubmitStatus != null">
                CHANNEL_SUBMIT_STATUS,
            </if>
            <if test="channelSubmitDesc != null">
                CHANNEL_SUBMIT_DESC,
            </if>
            <if test="channelReceiveTime != null">
                CHANNEL_RECEIVE_TIME,
            </if>
            <if test="channelReceiveStatus != null">
                CHANNEL_RECEIVE_STATUS,
            </if>
            <if test="smsId != null">
                SMS_ID,
            </if>
            <if test="notifySysUuid != null">
                NOTIFY_SYS_UUID,
            </if>
        </trim>
        <trim prefix="values (" suffix=")" suffixOverrides=",">
            <if test="id != null">
                #{id,jdbcType=BIGINT},
            </if>
            <if test="submitBussDepartment != null">
                #{submitBussDepartment,jdbcType=VARCHAR},
            </if>
            <if test="submitBussUid != null">
                #{submitBussUid,jdbcType=VARCHAR},
            </if>
            <if test="submitBussTime != null">
                #{submitBussTime,jdbcType=TIMESTAMP},
            </if>
            <if test="smsChannelCode != null">
                #{smsChannelCode,jdbcType=CHAR},
            </if>
            <if test="smsContent != null">
                #{smsContent,jdbcType=VARCHAR},
            </if>
            <if test="smsSendTime != null">
                #{smsSendTime,jdbcType=TIMESTAMP},
            </if>
            <if test="receiveMobile != null">
                #{receiveMobile,jdbcType=CHAR},
            </if>
            <if test="timedId != null">
                #{timedId,jdbcType=BIGINT},
            </if>
            <if test="smsType != null">
                #{smsType,jdbcType=INTEGER},
            </if>
            <if test="smsSource != null">
                #{smsSource,jdbcType=VARCHAR},
            </if>
            <if test="channelSubmitStatus != null">
                #{channelSubmitStatus,jdbcType=VARCHAR},
            </if>
            <if test="channelSubmitDesc != null">
                #{channelSubmitDesc,jdbcType=VARCHAR},
            </if>
            <if test="channelReceiveTime != null">
                #{channelReceiveTime,jdbcType=TIMESTAMP},
            </if>
            <if test="channelReceiveStatus != null">
                #{channelReceiveStatus,jdbcType=VARCHAR},
            </if>
            <if test="smsId != null">
                #{smsId,jdbcType=VARCHAR},
            </if>
            <if test="notifySysUuid != null">
                #{notifySysUuid,jdbcType=VARCHAR},
            </if>
        </trim>
    </insert>
    <update id="updateByPrimaryKeySelective" parameterType="com.yyfq.base.notify.dao.entity.SmsSend.TSmsSend">
        <!--
          WARNING - @mbggenerated
          This element is automatically generated by MyBatis Generator, do not modify.
        -->
        update t_sms_send
        <set>
            <if test="submitBussDepartment != null">
                SUBMIT_BUSS_DEPARTMENT = #{submitBussDepartment,jdbcType=VARCHAR},
            </if>
            <if test="submitBussUid != null">
                SUBMIT_BUSS_UID = #{submitBussUid,jdbcType=VARCHAR},
            </if>
            <if test="submitBussTime != null">
                SUBMIT_BUSS_TIME = #{submitBussTime,jdbcType=TIMESTAMP},
            </if>
            <if test="smsChannelCode != null">
                SMS_CHANNEL_CODE = #{smsChannelCode,jdbcType=CHAR},
            </if>
            <if test="smsContent != null">
                SMS_CONTENT = #{smsContent,jdbcType=VARCHAR},
            </if>
            <if test="smsSendTime != null">
                SMS_SEND_TIME = #{smsSendTime,jdbcType=TIMESTAMP},
            </if>
            <if test="receiveMobile != null">
                RECEIVE_MOBILE = #{receiveMobile,jdbcType=CHAR},
            </if>
            <if test="timedId != null">
                TIMED_ID = #{timedId,jdbcType=BIGINT},
            </if>
            <if test="smsType != null">
                SMS_TYPE = #{smsType,jdbcType=INTEGER},
            </if>
            <if test="smsSource != null">
                SMS_SOURCE = #{smsSource,jdbcType=VARCHAR},
            </if>
            <if test="channelSubmitStatus != null">
                CHANNEL_SUBMIT_STATUS = #{channelSubmitStatus,jdbcType=VARCHAR},
            </if>
            <if test="channelSubmitDesc != null">
                CHANNEL_SUBMIT_DESC = #{channelSubmitDesc,jdbcType=VARCHAR},
            </if>
            <if test="channelReceiveTime != null">
                CHANNEL_RECEIVE_TIME = #{channelReceiveTime,jdbcType=TIMESTAMP},
            </if>
            <if test="channelReceiveStatus != null">
                CHANNEL_RECEIVE_STATUS = #{channelReceiveStatus,jdbcType=VARCHAR},
            </if>
            <if test="smsId != null">
                SMS_ID = #{smsId,jdbcType=VARCHAR},
            </if>
            <if test="notifySysUuid != null">
                NOTIFY_SYS_UUID = #{notifySysUuid,jdbcType=VARCHAR},
            </if>
        </set>
        where ID = #{id,jdbcType=BIGINT}
    </update>
    <update id="updateByPrimaryKey" parameterType="com.yyfq.base.notify.dao.entity.SmsSend.TSmsSend">
        <!--
          WARNING - @mbggenerated
          This element is automatically generated by MyBatis Generator, do not modify.
        -->
        update t_sms_send
        set SUBMIT_BUSS_DEPARTMENT = #{submitBussDepartment,jdbcType=VARCHAR},
        SUBMIT_BUSS_UID = #{submitBussUid,jdbcType=VARCHAR},
        SUBMIT_BUSS_TIME = #{submitBussTime,jdbcType=TIMESTAMP},
        SMS_CHANNEL_CODE = #{smsChannelCode,jdbcType=CHAR},
        SMS_CONTENT = #{smsContent,jdbcType=VARCHAR},
        SMS_SEND_TIME = #{smsSendTime,jdbcType=TIMESTAMP},
        RECEIVE_MOBILE = #{receiveMobile,jdbcType=CHAR},
        TIMED_ID = #{timedId,jdbcType=BIGINT},
        SMS_TYPE = #{smsType,jdbcType=INTEGER},
        SMS_SOURCE = #{smsSource,jdbcType=VARCHAR},
        CHANNEL_SUBMIT_STATUS = #{channelSubmitStatus,jdbcType=VARCHAR},
        CHANNEL_SUBMIT_DESC = #{channelSubmitDesc,jdbcType=VARCHAR},
        CHANNEL_RECEIVE_TIME = #{channelReceiveTime,jdbcType=TIMESTAMP},
        CHANNEL_RECEIVE_STATUS = #{channelReceiveStatus,jdbcType=VARCHAR},
        SMS_ID = #{smsId,jdbcType=VARCHAR},
        NOTIFY_SYS_UUID = #{notifySysUuid,jdbcType=VARCHAR}
        where ID = #{id,jdbcType=BIGINT}
    </update>
    <update id="updateByUUIDSelective" parameterType="com.yyfq.base.notify.dao.entity.SmsSend.TSmsSend">
        <!--
          WARNING - @mbggenerated
          This element is automatically generated by MyBatis Generator, do not modify.
        -->
        update t_sms_send
        <set>
            <if test="submitBussDepartment != null">
                SUBMIT_BUSS_DEPARTMENT = #{submitBussDepartment,jdbcType=VARCHAR},
            </if>
            <if test="submitBussUid != null">
                SUBMIT_BUSS_UID = #{submitBussUid,jdbcType=VARCHAR},
            </if>
            <if test="submitBussTime != null">
                SUBMIT_BUSS_TIME = #{submitBussTime,jdbcType=TIMESTAMP},
            </if>
            <if test="smsChannelCode != null">
                SMS_CHANNEL_CODE = #{smsChannelCode,jdbcType=CHAR},
            </if>
            <if test="smsContent != null">
                SMS_CONTENT = #{smsContent,jdbcType=VARCHAR},
            </if>
            <if test="smsSendTime != null">
                SMS_SEND_TIME = #{smsSendTime,jdbcType=TIMESTAMP},
            </if>
            <if test="receiveMobile != null">
                RECEIVE_MOBILE = #{receiveMobile,jdbcType=CHAR},
            </if>
            <if test="timedId != null">
                TIMED_ID = #{timedId,jdbcType=BIGINT},
            </if>
            <if test="smsType != null">
                SMS_TYPE = #{smsType,jdbcType=INTEGER},
            </if>
            <if test="smsSource != null">
                SMS_SOURCE = #{smsSource,jdbcType=VARCHAR},
            </if>
            <if test="channelSubmitStatus != null">
                CHANNEL_SUBMIT_STATUS = #{channelSubmitStatus,jdbcType=VARCHAR},
            </if>
            <if test="channelSubmitDesc != null">
                CHANNEL_SUBMIT_DESC = #{channelSubmitDesc,jdbcType=VARCHAR},
            </if>
            <if test="channelReceiveTime != null">
                CHANNEL_RECEIVE_TIME = #{channelReceiveTime,jdbcType=TIMESTAMP},
            </if>
            <if test="channelReceiveStatus != null">
                CHANNEL_RECEIVE_STATUS = #{channelReceiveStatus,jdbcType=VARCHAR},
            </if>
            <if test="smsId != null">
                SMS_ID = #{smsId,jdbcType=VARCHAR},
            </if>
            <!--<if test="notifySysUuid != null" >-->
            <!--NOTIFY_SYS_UUID = #{notifySysUuid,jdbcType=VARCHAR},-->
            <!--</if>-->
        </set>
        where NOTIFY_SYS_UUID = #{notifySysUuid,jdbcType=VARCHAR}
    </update>

    <update id="updateBatch" parameterType="list">
        <foreach collection="list" item="item" index="index" open="" close="" separator=";">
            update t_sms_send
            <set>
                <if test="item.submitBussDepartment != null">
                    SUBMIT_BUSS_DEPARTMENT = #{item.submitBussDepartment,jdbcType=VARCHAR},
                </if>
                <if test="item.submitBussUid != null">
                    SUBMIT_BUSS_UID = #{item.submitBussUid,jdbcType=VARCHAR},
                </if>
                <if test="item.submitBussTime != null">
                    SUBMIT_BUSS_TIME = #{item.submitBussTime,jdbcType=TIMESTAMP},
                </if>
                <if test="item.smsChannelCode != null">
                    SMS_CHANNEL_CODE = #{item.smsChannelCode,jdbcType=CHAR},
                </if>
                <if test="item.smsContent != null">
                    SMS_CONTENT = #{item.smsContent,jdbcType=VARCHAR},
                </if>
                <if test="item.smsSendTime != null">
                    SMS_SEND_TIME = #{item.smsSendTime,jdbcType=TIMESTAMP},
                </if>
                <if test="item.receiveMobile != null">
                    RECEIVE_MOBILE = #{item.receiveMobile,jdbcType=CHAR},
                </if>
                <if test="item.timedId != null">
                    TIMED_ID = #{item.timedId,jdbcType=BIGINT},
                </if>
                <if test="item.smsType != null">
                    SMS_TYPE = #{item.smsType,jdbcType=INTEGER},
                </if>
                <if test="item.smsSource != null">
                    SMS_SOURCE = #{item.smsSource,jdbcType=VARCHAR},
                </if>
                <if test="item.channelSubmitStatus != null">
                    CHANNEL_SUBMIT_STATUS = #{item.channelSubmitStatus,jdbcType=VARCHAR},
                </if>
                <if test="item.channelSubmitDesc != null">
                    CHANNEL_SUBMIT_DESC = #{item.channelSubmitDesc,jdbcType=VARCHAR},
                </if>
                <if test="item.channelReceiveTime != null">
                    CHANNEL_RECEIVE_TIME = #{item.channelReceiveTime,jdbcType=TIMESTAMP},
                </if>
                <if test="item.channelReceiveStatus != null">
                    CHANNEL_RECEIVE_STATUS = #{item.channelReceiveStatus,jdbcType=VARCHAR},
                </if>
                <!--<if test="item.smsId != null">-->
                <!--SMS_ID = #{item.smsId,jdbcType=VARCHAR},-->
                <!--</if>-->
                <if test="item.notifySysUuid != null">
                    NOTIFY_SYS_UUID = #{item.notifySysUuid,jdbcType=VARCHAR},
                </if>
            </set>
            where SMS_ID = #{item.smsId,jdbcType=VARCHAR}
        </foreach>
    </update>
    
    
	    <!-- 通过查询条件查出对应短信数据 -->
	    <select id="findSmsData" resultMap="BaseResultMap">
	    	select
	        <include refid="Base_Column_List"/>
	        from t_sms_send
	        where RECEIVE_MOBILE = #{mobile}
			<if test="fromDate != null and fromDate != ''">
				and SMS_SEND_TIME >= #{fromDate}
			</if>
			<if test="endDate != null and endDate != ''">
				and SMS_SEND_TIME <![CDATA[<=]]> #{endDate}
			</if>
			<if test="channel == 'GD'">
				and SMS_CHANNEL_CODE = 'GD_CHANNEL_CODE'
			</if>
			<if test="channel == 'YM'">
				and SMS_CHANNEL_CODE = 'YM_CHANNEL_CODE'
			</if>
			<if test="department != null and department != ''">
				and SUBMIT_BUSS_DEPARTMENT = #{department}
			</if>
			<if test="content != null and content != ''">
				and SMS_CONTENT like CONCAT('%', #{content}, '%')
			</if>
		</select>
</mapper>