<?xml version="1.0" encoding="UTF-8"?>
<!DOCTYPE mapper PUBLIC "-//mybatis.org//DTD Mapper 3.0//EN" "http://mybatis.org/dtd/mybatis-3-mapper.dtd" >
<mapper namespace="com.yyfq.base.notify.dao.weixin.WeixinMapper">
	<resultMap type="com.yyfq.base.notify.dao.weixin.model.WeixinUser" id="weixinUserMap">
		<result property="id" column="id"  jdbcType="BIGINT"/>
		<result property="userId" column="user_id"  jdbcType="BIGINT"/>
		<result property="openId" column="open_id" jdbcType="VARCHAR"/>
		<result property="nickName" column="nickname" jdbcType="VARCHAR"/>
		<result property="sex" column="sex" jdbcType="TINYINT"/>
		<result property="country" column="country" jdbcType="VARCHAR"/>
		<result property="province" column="province" jdbcType="VARCHAR"/>
		<result property="city" column="city" jdbcType="VARCHAR"/>
		<result property="headImgUrl" column="headimg_url" jdbcType="VARCHAR"/>
		<result property="scene" column="scene" jdbcType="INTEGER"/>
		<result property="createTime" column="create_time" jdbcType="TIMESTAMP"/>
		<result property="updateTime" column="update_time" jdbcType="TIMESTAMP"/>
		<result property="isLogin" column="is_login"  jdbcType="TINYINT"/>
		<result property="subStatus" column="sub_status" jdbcType="TINYINT"/>
	</resultMap>
	
	<sql id="weixinUserInfo">
		 id,user_id,open_id,nickname,sex,country,province,city,headimg_url,scene,create_time,update_time,is_login,sub_status 
	</sql> 
	<insert id="insertWeixinUser" parameterType="com.yyfq.base.notify.dao.weixin.model.WeixinUser">
		insert into t_weixin_user(user_id,open_id,create_time,is_login,sub_status) 
		values(#{userId},#{openId},NOW(),#{isLogin},#{subStatus}) 
		<selectKey resultType="Integer" keyProperty="id" order="AFTER">
			SELECT LAST_INSERT_ID() AS id
		</selectKey>
	</insert>
	
	<!-- 通过微信openId查找微信用户 -->
	<select id="findByOpenid" resultMap="weixinUserMap">
		select <include refid="weixinUserInfo" /> from t_weixin_user where open_id = #{openId} 
	</select>
	
	<!-- 更新微信用户信息 -->
	<update id="updateWeixinUser">
		update t_weixin_user set nickname = #{nickName}, sex = #{sex}, city = #{city}, country = #{country}, 
				province = #{province}, headimg_url = #{headImgUrl},sub_status = #{subStatus},create_time = now()
			where open_id = #{openId}
	</update>
	
	<!-- 更新微信用户二维码场景值 -->
	<update id="updateWeixinScene">
		update t_weixin_user set scene = #{scene},update_time = now() where open_id=#{openId}
	</update>
	
	<!-- 修改关注状态 -->
	<update id="updateSubStatus">
		update t_weixin_user set sub_status=#{subStatus},update_time=now() where open_id=#{openId}
	</update>
	
	<!-- 通过用户查找openId -->
	<select id="getOpenIdByUser" resultType="String">
		select open_id from t_weixin_user where user_id = #{userId}
	</select>
	
</mapper>