<?xml version="1.0" encoding="UTF-8"?>
<!DOCTYPE mapper PUBLIC "-//mybatis.org//DTD Mapper 3.0//EN" "http://mybatis.org/dtd/mybatis-3-mapper.dtd" >
<mapper namespace="com.yyfq.base.notify.dao.weixin.WeixinSendMapper">
	<resultMap type="com.yyfq.base.notify.dao.weixin.model.TWeixinSend" id="weixinUserMap">
		<result property="id" column="id"  jdbcType="INTEGER"/>
		<result property="userId" column="user_id"  jdbcType="INTEGER"/>
		<result property="submitBussName" column="submit_buss_name" jdbcType="VARCHAR"/>
		<result property="submitBussTime" column="submit_buss_time" jdbcType="TIMESTAMP"/>
		<result property="title" column="title" jdbcType="VARCHAR"/>
		<result property="content" column="content" jdbcType="VARCHAR"/>
		<result property="createTime" column="create_time" jdbcType="TIMESTAMP"/>
		<result property="updateTime" column="update_time" jdbcType="TIMESTAMP"/>
		<result property="status" column="status"  jdbcType="TINYINT"/>
	</resultMap>
	
	<sql id="weixinUserInfo">
		 id,user_id,submit_buss_name,submit_buss_time,title,content,create_time,update_time,status
 	</sql> 
 	
 	<!-- 插入微信模版发送记录 -->
	<insert id="insertTWeixinSend" parameterType="com.yyfq.base.notify.dao.weixin.model.TWeixinSend">
		insert into t_weixin_send(user_id,submit_buss_name,submit_buss_time,title,content,create_time,status) 
		values(#{userId},#{submitBussName},#{submitBussTime},#{title},#{content},#{createTime},#{status}) 
		<selectKey resultType="Long" keyProperty="id" order="AFTER">
			SELECT LAST_INSERT_ID() AS id
		</selectKey>
	</insert>
	
	
	<!-- 更新微信用户信息 -->
	<update id="updateStatus">
		update t_weixin_send set status=#{status},update_time=#{date}
			where id = #{id}
	</update>
	
</mapper>