<?xml version="1.0" encoding="UTF-8"?>
<!--~~~~~~~~~~~~~~~~~~~~~~~~~~~~~~~~~~~~~~~~~~~~~~~~~~~~~~~~~~~~~~~~~~~~~~~~~~~~~~~~~~~~~~~~~~~~~~~~~~~~~~~~~~~~~~~~~~~
  ~ Copyright (c) 2016. Lorem ipsum dolor sit amet, consectetur adipiscing elit.                                      ~
  ~ Morbi non lorem porttitor neque feugiat blandit. Ut vitae ipsum eget quam lacinia accumsan.                       ~
  ~ Etiam sed turpis ac ipsum condimentum fringilla. Maecenas magna.                                                  ~
  ~ Proin dapibus sapien vel ante. Aliquam erat volutpat. Pellentesque sagittis ligula eget metus.                    ~
  ~ Vestibulum commodo. Ut rhoncus gravida arcu.                                                                      ~
  ~~~~~~~~~~~~~~~~~~~~~~~~~~~~~~~~~~~~~~~~~~~~~~~~~~~~~~~~~~~~~~~~~~~~~~~~~~~~~~~~~~~~~~~~~~~~~~~~~~~~~~~~~~~~~~~~~~~-->

<!DOCTYPE log4j:configuration SYSTEM "log4j.dtd">
<log4j:configuration xmlns:log4j='http://jakarta.apache.org/log4j/'>
    <appender name="LOGFILE" class="org.apache.log4j.DailyRollingFileAppender">
        <param name="File" value="${user.home}/base/logs/notifyinfo-service.log"/>
        <param name="append" value="true"/>
        <param name="encoding" value="UTF-8"/>
        <layout class="org.apache.log4j.PatternLayout">
            <param name="ConversionPattern" value="[%5p][%d{HH:mm:ss,SSS}][%t] %m - [%C{1}:%L]%n"/>
        </layout>
    </appender>
    <appender name="STDOUT" class="org.apache.log4j.ConsoleAppender">
        <param name="encoding" value="utf-8"/>
        <layout class="org.apache.log4j.PatternLayout">
            <param name="ConversionPattern" value="%n[%d{HH:mm:ss,SSS}][%5p] - %m - [%c:%L][%t]%n"/>
        </layout>
    </appender>
    <logger name="com.yyfq">
        <level value="INFO"/>
    </logger>
    <logger name="com.yyfq.base.notify.dao">
        <level value="debug"/>
    </logger>
    <root>
        <level value="WARN"/>
        <appender-ref ref="LOGFILE"/>
        ${log4j.console}
    </root>
</log4j:configuration>