<?xml version="1.0" encoding="UTF-8"?>
<!--~~~~~~~~~~~~~~~~~~~~~~~~~~~~~~~~~~~~~~~~~~~~~~~~~~~~~~~~~~~~~~~~~~~~~~~~~~~~~~~~~~~~~~~~~~~~~~~~~~~~~~~~~~~~~~~~~~~
  ~ Copyright (c) 2016. Lorem ipsum dolor sit amet, consectetur adipiscing elit.                                      ~
  ~ Morbi non lorem porttitor neque feugiat blandit. Ut vitae ipsum eget quam lacinia accumsan.                       ~
  ~ Etiam sed turpis ac ipsum condimentum fringilla. Maecenas magna.                                                  ~
  ~ Proin dapibus sapien vel ante. Aliquam erat volutpat. Pellentesque sagittis ligula eget metus.                    ~
  ~ Vestibulum commodo. Ut rhoncus gravida arcu.                                                                      ~
  ~~~~~~~~~~~~~~~~~~~~~~~~~~~~~~~~~~~~~~~~~~~~~~~~~~~~~~~~~~~~~~~~~~~~~~~~~~~~~~~~~~~~~~~~~~~~~~~~~~~~~~~~~~~~~~~~~~~-->

<beans xmlns:xsi="http://www.w3.org/2001/XMLSchema-instance"
       xmlns:context="http://www.springframework.org/schema/context"
       xmlns:aop="http://www.springframework.org/schema/aop"
       xmlns="http://www.springframework.org/schema/beans"
       xsi:schemaLocation="http://www.springframework.org/schema/beans http://www.springframework.org/schema/beans/spring-beans.xsd http://www.springframework.org/schema/context http://www.springframework.org/schema/context/spring-context.xsd http://www.springframework.org/schema/aop http://www.springframework.org/schema/aop/spring-aop.xsd">

    <context:component-scan base-package="com.yyfq">
    </context:component-scan>

    <context:annotation-config/>

    <aop:aspectj-autoproxy proxy-target-class="true"/>

    <bean name="common-properties"
          class="org.springframework.beans.factory.config.PropertyPlaceholderConfigurer">
        <property name="systemPropertiesModeName" value="SYSTEM_PROPERTIES_MODE_OVERRIDE"/>
        <property name="order" value="2"/>
        <!-- <property name="ignoreResourceNotFound" value="true"/> -->
        <property name="ignoreUnresolvablePlaceholders" value="true" />  
        <property name="locations">
            <list>
                <value>classpath:database.properties</value>
                <value>classpath:redis.properties</value>
                <value>classpath:dubbo.properties</value>
                <value>classpath:smsserver.properties</value>
                <value>classpath:template/**.*</value>
               <!--  <value>classpath:email.properties</value> -->
            </list>
        </property>
    </bean>

    <aop:config>
        <aop:aspect id="execTimeRepoAspectId" ref="execTimeRepoAspect">
            <aop:pointcut id="execTimeRepoPointcut"
                          expression="(execution( * com.yyfq..*.*(..))) and !(execution( * com.yyfq..dao..*.*(..)))
                          and !(execution( * com.yyfq..vo..*.*(..))) and !(execution( * com.yyfq..entity..*.*(..)))
                      and !(execution( * com.yyfq..dto..*.*(..))) and !(execution( * com.yyfq..model..*.*(..)))"/>
            <aop:around method="around" pointcut-ref="execTimeRepoPointcut"/>
        </aop:aspect>
        <aop:aspect id="exceptionAspectId" ref="exceptionAspect">
            <aop:pointcut id="exceptionPointcut"
                          expression="(execution( * com.yyfq..*.*(..))) and !(execution( * com.yyfq..dao..*.*(..)))
                          and !(execution( * com.yyfq..vo..*.*(..))) and !(execution( * com.yyfq..entity..*.*(..)))
                      and !(execution( * com.yyfq..dto..*.*(..))) and !(execution( * com.yyfq..model..*.*(..)))"/>
            <aop:after-throwing method="afterThrowing" pointcut-ref="exceptionPointcut" throwing="e"/>
        </aop:aspect>
    </aop:config>

    <bean id="velocityEngine" class="org.springframework.ui.velocity.VelocityEngineFactoryBean">
        <property name="velocityProperties">
            <props>
                <prop key="resource.loader">class</prop>
                <prop key="class.resource.loader.class">
                    org.apache.velocity.runtime.resource.loader.ClasspathResourceLoader
                </prop>
                <prop key="velocimacro.library"/>
            </props>
        </property>
    </bean>

</beans>