<?xml version="1.0" encoding="UTF-8"?>
<!--~~~~~~~~~~~~~~~~~~~~~~~~~~~~~~~~~~~~~~~~~~~~~~~~~~~~~~~~~~~~~~~~~~~~~~~~~~~~~~~~~~~~~~~~~~~~~~~~~~~~~~~~~~~~~~~~~~~
  ~ Copyright (c) 2016. Lorem ipsum dolor sit amet, consectetur adipiscing elit.                                      ~
  ~ Morbi non lorem porttitor neque feugiat blandit. Ut vitae ipsum eget quam lacinia accumsan.                       ~
  ~ Etiam sed turpis ac ipsum condimentum fringilla. Maecenas magna.                                                  ~
  ~ Proin dapibus sapien vel ante. Aliquam erat volutpat. Pellentesque sagittis ligula eget metus.                    ~
  ~ Vestibulum commodo. Ut rhoncus gravida arcu.                                                                      ~
  ~~~~~~~~~~~~~~~~~~~~~~~~~~~~~~~~~~~~~~~~~~~~~~~~~~~~~~~~~~~~~~~~~~~~~~~~~~~~~~~~~~~~~~~~~~~~~~~~~~~~~~~~~~~~~~~~~~~-->

<beans xmlns="http://www.springframework.org/schema/beans"
       xmlns:xsi="http://www.w3.org/2001/XMLSchema-instance"
       xsi:schemaLocation="http://www.springframework.org/schema/beans http://www.springframework.org/schema/beans/spring-beans.xsd">

    <bean name="gdchannel" class=" com.yyfq.base.notify.common.dto.ChannelEntity">
        <property name="channelCode" value="${channel.gd.channelCode}"/>
        <property name="status" value="${channel.gd.status}"/>
        <property name="weight" value="${channel.gd.weight}"/>
    </bean>
    <bean name="ymchannel" class=" com.yyfq.base.notify.common.dto.ChannelEntity">
        <property name="channelCode" value="${channel.ym.channelCode}"/>
        <property name="status" value="${channel.ym.status}"/>
        <property name="weight" value="${channel.ym.weight}"/>
    </bean>

    <bean name="smsServerService" class="com.yyfq.base.notify.init.InitSMSChannelInfo" init-method="init">
        <property name="channelEntitySet">
            <set>
                <ref bean="gdchannel"/>
                <ref bean="ymchannel"/>
            </set>
        </property>
    </bean>

    <bean name="YMChannelRegister" class="com.yyfq.base.notify.init.YMChannelRegister" init-method="register"/>

</beans>