<?xml version="1.0" encoding="UTF-8"?>
<!--~~~~~~~~~~~~~~~~~~~~~~~~~~~~~~~~~~~~~~~~~~~~~~~~~~~~~~~~~~~~~~~~~~~~~~~~~~~~~~~~~~~~~~~~~~~~~~~~~~~~~~~~~~~~~~~~~~~
  ~ Copyright (c) 2016. Lorem ipsum dolor sit amet, consectetur adipiscing elit.                                      ~
  ~ Morbi non lorem porttitor neque feugiat blandit. Ut vitae ipsum eget quam lacinia accumsan.                       ~
  ~ Etiam sed turpis ac ipsum condimentum fringilla. Maecenas magna.                                                  ~
  ~ Proin dapibus sapien vel ante. Aliquam erat volutpat. Pellentesque sagittis ligula eget metus.                    ~
  ~ Vestibulum commodo. Ut rhoncus gravida arcu.                                                                      ~
  ~~~~~~~~~~~~~~~~~~~~~~~~~~~~~~~~~~~~~~~~~~~~~~~~~~~~~~~~~~~~~~~~~~~~~~~~~~~~~~~~~~~~~~~~~~~~~~~~~~~~~~~~~~~~~~~~~~~-->

<beans xmlns="http://www.springframework.org/schema/beans"
       xmlns:xsi="http://www.w3.org/2001/XMLSchema-instance" xmlns:tx="http://www.springframework.org/schema/tx"
       xmlns:aop="http://www.springframework.org/schema/aop"
       xsi:schemaLocation="http://www.springframework.org/schema/beans http://www.springframework.org/schema/beans/spring-beans.xsd http://www.springframework.org/schema/tx http://www.springframework.org/schema/tx/spring-tx.xsd http://www.springframework.org/schema/aop http://www.springframework.org/schema/aop/spring-aop.xsd">

    <!-- <bean id="dataSource-bonecp" class="com.jolbox.bonecp.BoneCPDataSource" destroy-method="close">
        <property name="driverClass" value="${db.driver}"/>
        <property name="jdbcUrl" value="${db.url}"/>
        <property name="username" value="${db.user}"/>
        <property name="password" value="${db.passwd}"/>
        <property name="maxConnectionsPerPartition" value="10"/>
        <property name="minConnectionsPerPartition" value="1"/>
        <property name="partitionCount" value="1"/>
        <property name="acquireIncrement" value="2"/>
        <property name="statementsCacheSize" value="10"/>
    </bean> -->
    
     <!-- 可写数据源 -->
	<bean id="dataSource" class="com.mchange.v2.c3p0.ComboPooledDataSource">
		<property name="driverClass" value="com.mysql.jdbc.Driver" />
		<property name="jdbcUrl" value="${db.url}" />
		<property name="user" value="${db.user}" />
		<property name="password" value="${db.passwd}" />
		<property name="initialPoolSize" value="40"/>
		<property name="minPoolSize" value="40"/>
		<property name="maxPoolSize" value="80"/>
		<property name="maxIdleTime" value="60"/>
		<property name="numHelperThreads" value="6"/>
		<property name="acquireIncrement" value="6"/>
		<property name="idleConnectionTestPeriod" value="60"/>
		<property name="checkoutTimeout" value="10000"/>
	</bean>

    <bean id="sqlSessionFactory" class="org.mybatis.spring.SqlSessionFactoryBean">
        <property name="dataSource" ref="dataSource"/>
        <property name="mapperLocations" value="classpath:mapping/*.xml"/>
    </bean>

    <bean class="org.mybatis.spring.mapper.MapperScannerConfigurer">
        <property name="basePackage" value="com.yyfq.base.notify.dao"/>
        <property name="sqlSessionFactoryBeanName" value="sqlSessionFactory"
        />
    </bean>

    <bean id="transactionManager"
          class="org.springframework.jdbc.datasource.DataSourceTransactionManager">
        <property name="dataSource" ref="dataSource"/>
    </bean>

    <tx:advice id="transactionAdvice" transaction-manager="transactionManager">
        <tx:attributes>
            <tx:method name="add*" propagation="REQUIRED"/>
            <tx:method name="append*" propagation="REQUIRED"/>
            <tx:method name="insert*" propagation="REQUIRED"/>
            <tx:method name="save*" propagation="REQUIRED"/>
            <tx:method name="update*" propagation="REQUIRED"/>
            <tx:method name="modify*" propagation="REQUIRED"/>
            <tx:method name="edit*" propagation="REQUIRED"/>
            <tx:method name="delete*" propagation="REQUIRED"/>
            <tx:method name="remove*" propagation="REQUIRED"/>
            <tx:method name="repair" propagation="REQUIRED"/>
            <tx:method name="delAndRepair" propagation="REQUIRED"/>

            <tx:method name="get*" propagation="SUPPORTS"/>
            <tx:method name="find*" propagation="SUPPORTS"/>
            <tx:method name="load*" propagation="SUPPORTS"/>
            <tx:method name="search*" propagation="SUPPORTS"/>
            <tx:method name="datagrid*" propagation="SUPPORTS"/>

            <tx:method name="*" propagation="SUPPORTS"/>
        </tx:attributes>
    </tx:advice>

    <aop:config proxy-target-class="true">
        <aop:pointcut id="transactionPointcut"
                      expression="execution(* com.yyfq.base.notify.service..impl..*Impl.*(..))"/>
        <aop:advisor pointcut-ref="transactionPointcut"
                     advice-ref="transactionAdvice"/>
    </aop:config>


</beans>