<?xml version="1.0" encoding="UTF-8"?>
<!--~~~~~~~~~~~~~~~~~~~~~~~~~~~~~~~~~~~~~~~~~~~~~~~~~~~~~~~~~~~~~~~~~~~~~~~~~~~~~~~~~~~~~~~~~~~~~~~~~~~~~~~~~~~~~~~~~~~
  ~ Copyright (c) 2016. Lorem ipsum dolor sit amet, consectetur adipiscing elit.                                      ~
  ~ Morbi non lorem porttitor neque feugiat blandit. Ut vitae ipsum eget quam lacinia accumsan.                       ~
  ~ Etiam sed turpis ac ipsum condimentum fringilla. Maecenas magna.                                                  ~
  ~ Proin dapibus sapien vel ante. Aliquam erat volutpat. Pellentesque sagittis ligula eget metus.                    ~
  ~ Vestibulum commodo. Ut rhoncus gravida arcu.                                                                      ~
  ~~~~~~~~~~~~~~~~~~~~~~~~~~~~~~~~~~~~~~~~~~~~~~~~~~~~~~~~~~~~~~~~~~~~~~~~~~~~~~~~~~~~~~~~~~~~~~~~~~~~~~~~~~~~~~~~~~~-->

<beans xmlns:xsi="http://www.w3.org/2001/XMLSchema-instance"
       xmlns="http://www.springframework.org/schema/beans"
       xsi:schemaLocation="http://www.springframework.org/schema/beans http://www.springframework.org/schema/beans/spring-beans.xsd">

    <bean id="mailSender" class="org.springframework.mail.javamail.JavaMailSenderImpl">
        <property name="host" value="${mail.host}"/>
        <property name="username" value="${mail.username}"/>
        <property name="password" value="${mail.password}"/>
        <property name="defaultEncoding" value="UTF-8"/>
        <property name="javaMailProperties">
            <props>
                <prop key="mail.smtp.auth">${mail.smtp.auth}</prop>
                <prop key="mail.smtp.timeout">${mail.smtp.timeout}</prop>
            </props>
        </property>
    </bean>

    <!-- <bean id="simpleMailMessage" class="org.springframework.mail.SimpleMailMessage">
        <property name="from">
            <value>${mail.default.from}</value>
        </property>
    </bean> -->


</beans>